Kurzbezeichnung,Beschreibung,Preis,Kategorie
Ben Harper Shirt,Schickes Band T-Shirt,19.99,T-Shirt
Mouse Rat Shirt,Schickes Band T-Shirt,19.99,T-Shirt
The Forskins Shirt,Schickes Band T-Shirt,19.99,T-Shirt
Candy Dulfer Shirt,Schickes Band T-Shirt,19.99,T-Shirt
Jamiroquai Shirt,Schickes Band T-Shirt,19.99,T-Shirt
Justice Shirt,Schickes Band T-Shirt,9.99,T-Shirt
The Meters Shirt,Schickes Band T-Shirt,19.99,T-Shirt
Mr. Scruff Shirt,Schickes Band T-Shirt,19.99,T-Shirt
Tower of Power Shirt,Schicke Hose,19.99,T-Shirt
Audioslave - Out of Exile,Schicke CD,14.99,CD
Blues Brothers Best Of,Schicke CD,14.99,CD
Brooklyn Funk Essentials - In the Buzzbag,Schicke CD,14.99,CD
Wojtek Pilichowski - Satyrblues Festival Live,Schicke CD,14.99,CD
Deep Purple - Mashine Head Live in Dublin,Schicke DVD,25.6,DVD
Eric Clapton - Montreux Jazz Festival 2009 live,Schicke DVD,34.1,DVD
The Crusaders - Best of Crusaders,Schicke DVD,20.99,DVD
Funk Brothers - Standing in the Shadows of Motown,Schicke DVD,9.99,DVD
Friedenspfeife,Schicke Pfeife,13,Sonstiges
Blumentopf,Schicker Topf,5,Sonstiges
Fern-Fernbedienung,Schick,100,Sonstiges
Kübelstiehlspitzschraubenschlüssel,Elaboriert!,2,Sonstiges
Hildegard Orgon Akkumulator (Camping Edition),"Unverzichtbar für Esotheriker, Camper und Esotherik-Camper, sowie Leute die Karotten mögen",1249.99,Sonstiges
